Prime,Next Prime,Prime Gap,(log p)^2,Gap / (log p)^2
2,3,1,0.4804530139182014,2.0813689810056077
3,5,2,1.206948960812582,1.657070899380446
5,7,2,2.5902903939802346,0.7721142018083943
7,11,4,3.7865663081964716,1.0563660251615101
11,13,2,5.749901739308773,0.3478320309940516
13,17,4,6.5789652063423505,0.607998351495135
17,19,2,8.027097852938207,0.24915605074727326
19,23,4,8.669720902034708,0.46137586725095553
23,29,6,9.831323978125154,0.610294199779205
29,31,2,11.338681206644297,0.17638735612639236
31,37,6,11.79226812056771,0.5088079696504683
37,41,4,13.038728171854922,0.3067783872229426
41,43,2,13.790617494606504,0.14502613829889763
43,47,4,14.146626310293268,0.2827529272537261
47,53,6,14.823636554953715,0.40475897919899684
53,59,6,15.76321787881737,0.3806329422156124
59,61,2,16.62631160645319,0.12029126166646231
61,67,6,16.899283927143212,0.3550446294569291
67,71,4,17.67944002356086,0.22625150992731216
71,73,2,18.170439734132966,0.11006888271630667
73,79,6,18.408042216139364,0.3259444936919725
79,83,4,19.092074535428665,0.2095110194849336
83,89,6,19.52615231711221,0.3072802005514295
89,97,8,20.14785645968212,0.3970645719066344
97,101,4,20.927980536839378,0.19113167622450852
101,103,2,21.299337384969135,0.0938996347093592
103,107,4,21.480712794336103,0.1862135599641132
107,109,2,21.835329316178612,0.0915946799354258
109,113,4,22.00874495209587,0.18174593820349053
113,127,14,22.348195588509824,0.6264487861918484
127,131,4,23.466148528612173,0.1704583091308238
131,137,6,23.76754894014767,0.2524450466099565
137,139,2,24.206212310512576,0.08262341808558851
139,149,10,24.349032996746278,0.41069392781784325
149,151,2,25.039478632785208,0.07987386755654403
151,157,6,25.173096960909593,0.23834969568175052
157,163,6,25.565621644102357,0.23469016648707694
163,167,4,25.946291108218933,0.1541646157948537
167,173,6,26.193860663936196,0.22906130856307189
173,179,6,26.556414257921464,0.22593411677219455
179,181,2,26.908971498638138,0.07432465414373864
181,191,10,27.024371384079608,0.37003635932457335
191,193,2,27.586376162964697,0.07249955514943797
193,197,4,27.69590802439574,0.1444256673757231
197,199,2,27.912241639350984,0.0716531486736765
199,211,12,28.019075967451588,0.42827964826319836
211,223,12,28.642385480853928,0.4189595174613312
223,227,4,29.237506566075158,0.13681057209718686
227,229,2,29.430082692171474,0.06795767517608806
229,233,4,29.525334811909502,0.13547687182827603
233,239,6,29.71382022225194,0.20192624021823857
239,241,2,29.9916530356343,0.06668522063867967
241,251,10,30.08299740162849,0.33241368426467593
251,257,6,30.530630182560063,0.19652394870733345
257,263,6,30.792245395956062,0.1948542538176829
263,269,6,31.048900558314923,0.19324355748864655
269,271,2,31.300795421046313,0.06389613979762386
271,277,6,31.383735283254573,0.19118183179429957
277,281,4,31.62957290990165,0.12646392701520792
281,283,2,31.79104337719765,0.06291080089037009
283,293,10,31.871070674109657,0.3137641688367709
293,307,14,32.26436086822776,0.4339153054101394
307,311,4,32.79678512404455,0.12196317367300281
311,313,2,32.94522267470297,0.06070682902185095
313,317,4,33.018851106973834,0.12114291884477983
317,331,14,33.164949641166885,0.42213240639515776
331,337,6,33.664577641888165,0.17822888092718323
337,347,10,33.87336531617893,0.2952171981336528
347,349,2,34.21460038130037,0.05845457721882612
349,353,4,34.28186721416322,0.1166797588652767
353,359,6,34.41544746301873,0.17434031640725656
359,367,8,34.61348232688742,0.23112381252046624
367,373,6,34.873298556458494,0.1720514046093528
373,379,6,35.06509097999135,0.1711103502746845
379,383,4,35.254336186664624,0.11346122016936595
383,389,6,35.3791202325172,0.16959155458267605
389,397,8,35.564278587632614,0.2249448131019303
397,401,4,35.80749341132445,0.11170846152372572
401,409,8,35.927573592039,0.22267020007643035
409,419,10,36.1647699780189,0.27651219698281065
419,421,2,36.4558852456414,0.0548608266271388
421,431,10,36.51341156269636,0.2738719712023957
431,433,2,36.79766736082213,0.054351271247409745
433,439,6,36.85385656219283,0.16280521388242455
439,443,4,37.0211331077121,0.1080463957805423
443,449,6,37.13159254240793,0.16158746741463917
449,457,8,37.29572855140775,0.21450177569189852
457,461,4,37.511746638695335,0.10663326446851691
461,463,2,37.61857155383512,0.05316522976258797
463,467,4,37.67169339046208,0.10618052017307884
467,479,12,37.7773633436767,0.3176505435498743
479,487,8,38.08988826408224,0.21002949508633212
487,491,4,38.29461285703113,0.10445333433539529
491,499,8,38.395919828879194,0.20835547203072505
499,503,4,38.59647450096893,0.10363640855072355
503,509,6,38.6957420643415,0.15505581957889517
509,521,12,38.84340827900454,0.308932725825869
521,523,2,39.13440858489725,0.05110592116554535
523,541,18,39.18236010526517,0.4593903979148319
541,547,6,39.607126219356566,0.15148789050662592
547,557,10,39.746074702359955,0.2515971721707211
557,563,6,39.97483121313676,0.1500944423757378
563,569,6,40.11043084820922,0.1495870244502217
569,571,2,40.24481896249088,0.0496958379130503
571,577,6,40.289349778857556,0.1489227310178282
577,587,10,40.422158285796854,0.24738906639514355
587,593,6,40.640941453424254,0.14763437522421033
593,599,6,40.770707512991926,0.14716448072646396
599,601,2,40.89937090833017,0.048900507650415974
601,607,6,40.942017136259615,0.14654871497980493
607,613,6,41.069241265838514,0.14609473696293515
613,617,4,41.19540845085545,0.09709819978534373
617,619,2,41.27894197433898,0.04845085422110137
619,631,12,41.32053739671551,0.2904124862846982
631,641,10,41.56775288515829,0.24057109913128083
641,643,2,41.77074976102429,0.047880395047784664
643,647,4,41.811027594786,0.09566854081574441
647,653,6,41.891266555939545,0.14322794446875683
653,659,6,42.010842082759304,0.1428202745419931
659,661,2,42.12949200134472,0.04747268255539759
661,673,12,42.168838932588514,0.2845703202590735
673,677,4,42.402827238149925,0.09433333248121697
677,683,6,42.480038821745914,0.1412428087737186
683,691,8,42.59513515200395,0.18781487537136335
691,701,10,42.747272355136744,0.23393305465017222
701,709,8,42.93535960965051,0.18632660987895516
709,719,10,43.08419937318635,0.2321036515819195
719,727,8,43.26826004139978,0.18489303688998515
727,733,6,43.41395212634227,0.1382044183063302
733,739,6,43.52233141192151,0.13786026174040156
739,743,4,43.629960624482635,0.09168011941215068
743,751,8,43.701302195647024,0.18306090661062405
751,757,6,43.84301280521402,0.13685190902953756
757,761,4,43.948457146026755,0.091015709304863
761,769,8,44.01835979325103,0.18174234654755522
769,773,4,44.15723399300546,0.09058538405357552
773,787,14,44.22621142408083,0.31655435881123445
787,797,10,44.465267972991825,0.22489463025555123
797,809,12,44.63381923911311,0.26885442932215553
809,811,2,44.833723137681666,0.04460927757121844
811,821,10,44.866794924783086,0.22288197801435325
821,823,2,45.03112040249508,0.0444137294858243
823,827,4,45.06378095220872,0.08876308013839543
827,829,2,45.12889992048235,0.04431749950750015
829,839,10,45.16135893348665,0.22142823502560968
839,853,14,45.32266099627167,0.30889624951967554
853,857,4,45.545755429860094,0.08782377111210618
857,859,2,45.60892372035431,0.04385106766085431
859,863,4,45.6404137272483,0.08764162445819186
863,877,14,45.70320679541664,0.3063242380927194
877,881,4,45.92104701766909,0.08710602784080503
881,883,2,45.982742526267224,0.04349457840313718
883,887,4,46.01350077714875,0.08693100790945431
887,907,20,46.074839503865334,0.4340763899638142
907,911,4,46.37804019086019,0.08624771515869892
911,919,8,46.437994898596145,0.17227272662114543
919,929,10,46.557233507531706,0.2147893946143142
929,937,8,46.70504225393167,0.17128771571396134
937,941,4,46.82231450102518,0.08542935227844022
941,947,6,46.880630356715294,0.12798462721908657
947,953,6,46.96770846066512,0.12774734379525726
953,967,14,47.05431662643485,0.2975284948062529
967,971,4,47.254604954892336,0.08464783493202972
971,977,6,47.311375004397014,0.12681939595799896
977,983,6,47.39615646215524,0.12659254352809945
983,991,8,47.48049404665531,0.16849024342794403
991,997,6,47.592262226175826,0.1260709140382066
997,1009,12,47.675583195288596,0.25170116851734425
1009,1013,4,47.84094667278522,0.08361038562548843
1013,1019,6,47.89569406971973,0.12527222157520163
1019,1021,2,47.97746939716853,0.04168623366613066
1021,1031,10,48.00463629773798,0.20831321245675616
1031,1033,2,48.1397915811505,0.04154567218324051
1033,1039,6,48.166687920873095,0.12456741908135005
1039,1049,10,48.24711036454622,0.20726629894395446
1049,1051,2,48.3802685339772,0.041339166991092885
1051,1061,10,48.40676966575969,0.20658267570937408
1061,1063,2,48.538631110527106,0.04120429345124729
1063,1069,6,48.56487559571671,0.12354607988595742
1069,1087,18,48.6433560803331,0.37004025730201506
1087,1091,4,48.87655426701781,0.08183882967992333
1091,1093,2,48.927926324308906,0.04087645134893727
1093,1097,4,48.95355184699227,0.08171010782838145
1097,1103,6,49.0046825557169,0.12243727919629262
1103,1109,6,49.08107978229296,0.1222466992701458
1109,1117,8,49.15712157641744,0.16274345900346426
1117,1123,6,49.257963813177795,0.12180771464196907
1123,1129,6,49.33318985426846,0.12162197534203967
1129,1151,22,49.40807198448343,0.44527137199178884
1151,1153,2,49.67975096665536,0.040257850755781435
1153,1163,10,49.704227550804944,0.2011901299497824
1163,1171,8,49.82606665574871,0.16055852964016767
1171,1181,10,49.922892203850644,0.20030890756823344
1181,1187,6,50.0431287292063,0.11989658025714656
1187,1193,6,50.114851692885054,0.11972498764975567
1193,1201,8,50.186263999550235,0.15940616739416377
1201,1213,12,50.28100210487038,0.23865872790227546
1213,1217,4,50.42209783275436,0.07933029707069401
1217,1223,6,50.46886329392957,0.11888518203899559
1223,1229,6,50.53876444906106,0.11872074961483296
1229,1231,2,50.60837152883191,0.03951915344402235
1231,1237,6,50.63150899447567,0.11850328222796304
1237,1249,12,50.70072806033585,0.23668299172586893
1249,1259,10,50.83830476409498,0.1967020742804664
1259,1277,18,50.95208663935107,0.35327306862636565
1277,1279,2,51.154949788973006,0.039096900852224496
1279,1283,4,51.177338060612,0.07815959468744917
1283,1289,6,51.22202440501227,0.11713711181264591
1289,1291,2,51.2888297129827,0.038994845684571
1291,1297,6,51.3110387009876,0.11693390256558021
1297,1301,4,51.377488502771165,0.07785510963199867
1301,1303,2,51.421641571263386,0.03889412976496039
1303,1307,4,51.443674314544516,0.07775494369905635
1307,1319,12,51.48765263032701,0.23306558731970267
1319,1321,2,51.618896062075514,0.03874550121325441
1321,1327,6,51.64066996541865,0.11618749338492161
1327,1361,34,51.70582183071956,0.6575661849320004
1361,1367,6,52.07029523889082,0.1152288453997214
1367,1373,6,52.13379834204772,0.11508848752270544
1373,1381,8,52.1970617741559,0.1532653319570759
1381,1399,18,52.28104351544013,0.34429305135587185
1399,1409,10,52.46848021414717,0.1905906166747266
1409,1423,14,52.57171532640623,0.26630289525607215
1423,1427,4,52.71518839737342,0.07587945944245746
1427,1429,2,52.75595713211621,0.03791041066682612
1429,1433,4,52.77630455812492,0.0757915893030104
1433,1439,6,52.81692584412905,0.1135999474431157
1439,1447,8,52.877674800759486,0.15129258293114461
1447,1451,4,52.9583344747631,0.07553107626347597
1451,1453,2,52.99852016206189,0.03773690272642116
1453,1459,6,53.01857718164684,0.11316788037225918
1459,1471,12,53.078605668568386,0.226079789565875
1471,1481,10,53.19802643950661,0.18797689819135224
1481,1483,2,53.2969033118632,0.03752563236736544
1483,1487,4,53.31660951614467,0.07502352524476955
1487,1489,2,53.3559532120907,0.03748410214039229
1489,1493,4,53.375590817169595,0.07494062245983232
1493,1499,6,53.414797823461974,0.11232842291812539
1499,1511,12,53.47343866261254,0.22441047929820415
1511,1523,12,53.59011500536215,0.22392189303567078
1523,1531,8,53.70599403530905,0.14895916449736307
1531,1543,12,53.78280947622668,0.2231196197607396
1543,1549,6,53.89738515450903,0.11132265475958888
1549,1553,4,53.95438463883233,0.0741366994874611
1553,1559,6,53.99227842814894,0.11112700139121916
1559,1567,8,54.04896131467794,0.1480139452342715
1567,1571,4,54.12424602471081,0.07390403181180152
1571,1579,8,54.16176391853177,0.14770567686889446
1579,1583,4,54.23655272518169,0.07375099999935698
1583,1597,14,54.27382440622506,0.2579512343779894
1597,1601,4,54.403637464356905,0.07352449553801693
1601,1607,6,54.44054621621518,0.11021197282206718
1607,1609,2,54.49576015121547,0.036700102805252675
1609,1613,4,54.514125194021744,0.07337547811257288
1613,1619,6,54.550796148243315,0.1099892288225241
1619,1621,2,54.60565542549185,0.03662624291231068
1621,1627,6,54.623902788890256,0.10984202324738167
1627,1637,10,54.67852831270986,0.1828871461720657
1637,1657,20,54.76918493020907,0.3651688449533341
1657,1663,6,54.94907037805399,0.10919202015101477
1663,1667,4,55.00266974663601,0.07272374265513978
1667,1669,2,55.038309786268655,0.03633832520959744
1669,1693,24,55.056102067544685,0.43591898261442463
1693,1697,4,55.26818282380102,0.07237437157563675
1697,1699,2,55.30327634957979,0.036164222664814984
1699,1709,10,55.3207962719668,0.1807638478455414
1709,1721,12,55.40812902733396,0.21657471946183482
1721,1723,2,55.51234630020357,0.036028021391570436
1723,1733,10,55.52965464481211,0.1800839580934483
1733,1741,8,55.615936318052505,0.14384366297908144
1741,1747,6,55.68465180729956,0.10774961870576831
1747,1753,6,55.73600920973283,0.10765033386983612
1753,1759,6,55.78721407999008,0.10755152589976881
1759,1777,18,55.83826738010336,0.32235957246792857
1777,1783,6,55.99052734139583,0.10716098391814899
1783,1787,4,56.04098379741557,0.07137633440661452
1787,1789,2,56.074539769178735,0.03566681078850863
1789,1801,12,56.09129335660641,0.21393694603739505
1801,1811,10,56.191475408354016,0.1779629370349883
1811,1823,12,56.27451953970377,0.21324038122677447
1823,1831,8,56.37364949758815,0.1419102731736796
1831,1847,16,56.43942237255127,0.2834897900688196
1847,1861,14,56.57022415926837,0.24748001635249423
1861,1867,6,56.683872283612835,0.10585021379590161
1867,1871,4,56.73235180208179,0.07050650771458447
1871,1873,2,56.76459647243087,0.03523322853129678
1873,1877,4,56.78069639386475,0.07044647660278092
1877,1879,2,56.8128515564365,0.03520330251357387
1879,1889,10,56.82890685618182,0.17596678439209157
1889,1901,12,56.908961703723996,0.2108630985480578
1901,1907,6,57.00454368989286,0.10525476763116033
1907,1913,6,57.0521385463427,0.10516696048345811
1913,1931,18,57.09960365733894,0.31523861545554677
1931,1933,2,57.241227992440436,0.03493985139983597
1933,1949,16,57.25689323375826,0.27944233604638735
1949,1951,2,57.38171125268036,0.03485431083072793
1951,1973,22,57.397250914596576,0.3832936185869701
1973,1979,6,57.56728071480116,0.10422587145856511
1979,1987,8,57.61336675461819,0.13885666557333648
1987,1993,6,57.674626457222885,0.10403188314449134
1993,1997,4,57.72043084638292,0.06929955201903457
1997,1999,2,57.75090062632207,0.03463149454483879
1999,2003,4,57.766115646279125,0.06924474590767557
2003,2011,8,57.79650606853342,0.13841667159799992
2011,2017,6,57.857129123292424,0.10370372832039619
2017,2027,10,57.902459108937265,0.17270423664021026
2027,2029,2,57.97774946360646,0.034495992316076904
2029,2039,10,57.99276880455381,0.1724352916085421
2039,2053,14,58.06767314968109,0.2410980023930387
2053,2063,10,58.17200484250353,0.17190399449140994
2063,2069,6,58.24614966248965,0.10301110090138683
2069,2081,12,58.290486781330905,0.20586549645770538
2081,2083,2,58.378826831901044,0.03425899608703857
2083,2087,4,58.3935071099441,0.06850076657441974
2087,2089,2,58.42283095078133,0.034233192186200495
2089,2099,10,58.43747455694753,0.17112306915753117
2099,2111,12,58.51051030741031,0.20509135772278866
2111,2113,2,58.59775500943884,0.03413100040569546
2113,2129,16,58.612253856228264,0.2729804596705473
2129,2131,2,58.72781703834813,0.03405541191313204
2131,2137,6,58.74220929696141,0.10214120428579734
2137,2141,4,58.785315712108556,0.06804420375301451
2141,2143,2,58.8139948911888,0.03400551184629068
2143,2153,10,58.828317012009016,0.16998616496131674
2153,2161,8,58.89975373085123,0.13582399744075097
2161,2179,18,58.956695637028304,0.3053088339756771
2179,2203,24,59.08414754682582,0.40620032608542483
2203,2207,4,59.25266621969921,0.06750751071974809
2207,2213,6,59.28059722917847,0.10121355520093754
2213,2221,8,59.32241126503322,0.13485628499250654
2221,2237,16,59.378010124331034,0.26946002344130016
2237,2239,2,59.48868698383614,0.03361983767675737
2239,2243,4,59.5024731112756,0.06722409659376004
2243,2251,8,59.53001324201638,0.13438599396033035
2251,2267,16,59.584965500776796,0.2685241128450668
2267,2269,2,59.694361920862576,0.033504001645103774
2269,2273,4,59.70798917671504,0.0669927099397265
2273,2281,8,59.73521234589937,0.1339243586123985
2281,2287,6,59.78953378973087,0.10035201179358465
2287,2293,6,59.8301661215469,0.10028385994802033
2293,2297,4,59.87070574074777,0.06681063719744354
2297,2309,12,59.89768086824843,0.2003416463885359
2309,2311,2,59.97836153196513,0.033345359041428824
2311,2333,22,59.991772792906474,0.3667169509383346
2333,2339,6,60.13863332710349,0.09976947709079213
2339,2341,2,60.1784768140044,0.03323447361722807
2341,2347,6,60.19173819278953,0.09968145430162624
2347,2351,4,60.23146319740672,0.06641047365710055
2351,2357,6,60.257897412809896,0.09957201060129411
2357,2371,14,60.297475363594984,0.2321821919670719
2371,2377,6,60.38948365612908,0.0993550472159244
2377,2381,4,60.428770942973024,0.06619363487923365
2381,2383,2,60.454914488962,0.033082504820433824
2383,2389,6,60.467971913174594,0.09922608300168137
2389,2393,4,60.50708696888595,0.06610795859428642
2393,2399,6,60.53311613971656,0.09911929837134756
2399,2411,12,60.5720888905103,0.1981110478407162
2411,2417,6,60.649780215808384,0.09892863549794197
2417,2423,6,60.68849957109913,0.0988655188776046
2423,2437,14,60.72713523742335,0.2305394441095328
2437,2441,4,60.816961817923804,0.06577112503540306
2441,2447,6,60.842543924722136,0.09861520595561458
2447,2459,12,60.88084864396186,0.1971063194302262
2459,2467,8,60.957213059306696,0.13123959575081973
2467,2473,6,61.00794235492923,0.09834785059777092
2473,2477,4,61.04589527735877,0.06552447108566782
2477,2503,26,61.07115264155865,0.4257329176771934
2503,2521,18,61.23446387107516,0.2939521122924785
2521,2531,10,61.346660932332725,0.16300805696711532
2531,2539,8,61.408691023986044,0.1302747195323741
2539,2543,4,61.458161346202075,0.06508492789863111
2543,2549,6,61.482845531302814,0.09758819631965822
2549,2551,2,61.5198083673487,0.03250985419293811
2551,2557,6,61.53211244415395,0.09751006038425142
2557,2579,22,61.56897424034014,0.35732282811990634
2579,2591,12,61.70349158704677,0.1944784596682228
2591,2593,2,61.77644315876481,0.03237480012988156
2593,2609,16,61.78857307446393,0.2589475562207554
2609,2617,8,61.88531951146683,0.1292713694160966
2617,2621,4,61.93349867252261,0.06458540346881192
2621,2633,12,61.95754005956457,0.193681027175441
2633,2647,14,62.0294725349883,0.2256991624764046
2647,2657,10,62.11303290470123,0.16099680747103104
2657,2659,2,62.172482956846366,0.03216857208981328
2659,2663,4,62.184349517479234,0.06432486680391584
2663,2671,8,62.208059276137,0.12860070050551792
2671,2677,6,62.255385646227886,0.09637720395943843
2677,2683,6,62.29079925926858,0.09632241151741568
2683,2687,4,62.32614362379406,0.06417852553407351
2687,2689,2,62.34966820387532,0.03207715546232355
2689,2693,4,62.361419026787125,0.06414222226536914
2693,2699,6,62.38489779104931,0.09617712318927372
2699,2707,8,62.42005889096061,0.12816392906605417
2707,2711,4,62.46683430920494,0.06403397969873705
2711,2713,2,62.49017675588095,0.03200503029160947
2713,2719,6,62.50183669974431,0.09599717891209661
2719,2729,10,62.53677153668525,0.1599059202174166
2729,2731,2,62.59484689546618,0.031951511972543256
2731,2741,10,62.606439653231696,0.15972797775098854
2741,2749,8,62.66429242676474,0.12766441126498854
2749,2753,4,62.71044202761758,0.06378523050815693
2753,2767,14,62.73347284082573,0.22316634750195227
2767,2777,10,62.81385109896279,0.159200555690258
2777,2789,12,62.87104685171027,0.19086687117368345
2789,2791,2,62.93944465028145,0.03177657526393596
2791,2797,6,62.95081926985181,0.09531250060908261
2797,2801,4,62.984900438124676,0.06350728463768128
2801,2803,2,63.007585735974,0.031742209713934585
2803,2819,16,63.018917768808016,0.2538920147549629
2819,2833,14,63.10932047772483,0.22183728004077405
2833,2837,4,63.18805567267777,0.06330310305353457
2837,2843,6,63.210488965901476,0.09492095533759697
2843,2851,8,63.24408711405985,0.1264940386533228
2851,2857,6,63.28878834530119,0.09480352139567329
2857,2861,4,63.322242357253636,0.06316895692721462
2861,2879,18,63.344510921774926,0.28416037535167754
2879,2887,8,63.444383808771136,0.1260946914405055
2887,2897,10,63.488596591827864,0.1575086005490186
2897,2903,6,63.54371215219806,0.09442318990790109
2903,2909,6,63.57670167630078,0.09437419434793666
2909,2917,8,63.609631621837686,0.12576711727494955
2917,2927,10,63.65344593191163,0.15710068565175137
2927,2939,12,63.70806625988525,0.18835919381147473
2939,2953,14,63.77339560278482,0.2195272788546429
2953,2957,4,63.849318903060436,0.06264749677397533
2957,2963,6,63.87095343414949,0.09393941498283657
2963,2969,6,63.90335727240837,0.09389178059022929
2969,2971,2,63.935703752803285,0.03128142622364283
2971,2999,28,63.94647320395114,0.4378662121161348
2999,3001,2,64.09658327129733,0.031202911261817706
3001,3011,10,64.10725842837549,0.15598857672524877
3011,3019,8,64.16054100703519,0.12468722791977084
3019,3023,4,64.20305568128765,0.062302330590875955
3023,3037,14,64.2242760563501,0.21798610836370438
3037,3041,4,64.29835434868016,0.06220999029475328
3041,3049,8,64.31946467374526,0.12437914464274984
3049,3061,12,64.36161250918023,0.18644654060350613
3061,3067,6,64.42465311090007,0.09313204977094171
3067,3079,12,64.4560923221928,0.18617324705345648
3079,3083,4,64.5188095459657,0.06199742413334898
3083,3089,6,64.53966773594618,0.09296608133385577
3089,3109,20,64.57091063844037,0.30973699770146335
3109,3119,10,64.67467130256709,0.15462003592128154
3119,3121,2,64.72633263189174,0.03089932518460913
3121,3137,16,64.73664748894934,0.2471552145595928
3137,3163,26,64.81895859677951,0.401117212662096
3163,3167,4,64.95193324353976,0.06158400220362721
3167,3169,2,64.97230584185313,0.030782346017826916
3169,3181,12,64.98248369030117,0.18466514849125468
3181,3187,6,65.0434328863253,0.09224605365596311
3187,3191,4,65.07383198993064,0.06146864073747724
3191,3203,12,65.09407021765861,0.18434858904774187
3203,3209,6,65.1546518318923,0.09208858970623926
3209,3217,8,65.18486810607168,0.12272786971022245
3217,3221,4,65.22507956579615,0.061326103802832134
3221,3229,8,65.24515245023872,0.1226144732530352
3229,3251,22,65.28523278067078,0.33698279171202733
3251,3253,2,65.39500672256433,0.03058337479014138
3253,3257,4,65.40495386362002,0.061157447008381834
3257,3259,2,65.42483207777352,0.0305694326830294
3259,3271,12,65.43476316309712,0.18338875881753897
3271,3299,28,65.49423775392907,0.42751852621294534
3299,3301,2,65.63227156362402,0.030472813942775043
3301,3307,6,65.6420917793204,0.09140476540831709
3307,3313,6,65.67152116533452,0.0913638041807256
3313,3319,6,65.70090378265247,0.09132294465611639
3319,3323,4,65.73023978863091,0.06085479092823671
3323,3329,6,65.74977130810156,0.0912550702554412
3329,3331,2,65.77902997599884,0.030404826594885196
3331,3343,12,65.78877259195284,0.18240194378497676
3343,3347,4,65.84712081805962,0.060746771465563246
3347,3359,12,65.86652942256993,0.18218661443376521
3359,3361,2,65.92463345699811,0.03033767341770019
3361,3371,10,65.9342997622938,0.15166612879869776
3371,3373,2,65.98255576493756,0.03031104171116056
3373,3389,16,65.99219189959152,0.2424529257089131
3389,3391,2,66.0691011138438,0.030271336620030533
3391,3407,16,66.07869236504453,0.24213554214435334
3407,3413,6,66.15524428073277,0.0906957576112746
3413,3433,20,66.18386997908566,0.30218843362166753
3433,3449,16,66.27897125309968,0.24140386758419585
3449,3457,8,66.35470299969103,0.12056417463035364
3457,3461,4,66.39245336943624,0.06024781126466701
3461,3463,2,66.41129982343999,0.030115356954572004
3463,3467,4,66.42071588574002,0.060222175365905184
3467,3469,2,66.43953370657738,0.030102559250833574
3469,3491,22,66.4489354753458,0.3310813008910059
3491,3499,8,66.55204226511722,0.12020667928012095
3499,3511,12,66.58939432949337,0.18020887741706088
3511,3517,6,66.645282162693,0.09002887834360027
3517,3527,10,66.6731632505287,0.1499853841106107
3527,3529,2,66.71953910951683,0.02997622625535675
3529,3533,4,66.7288004321877,0.059944131680666875
3533,3539,6,66.74730926732596,0.08989126402039267
3539,3541,2,66.77503806718225,0.029951312015543945
3541,3547,6,66.78427183236145,0.08984151261034784
3547,3557,10,66.8119456909583,0.14967383297375378
3557,3559,2,66.85797761952324,0.02991415641348952
3559,3571,12,66.8671703728049,0.17946026328161238
3571,3581,10,66.9222318637832,0.1494271742214828
3581,3583,2,66.96799251529727,0.029865013491977482
3583,3593,10,66.97713118280845,0.14930469286159542
3593,3607,14,67.02275746235522,0.20888427349267752
3607,3613,6,67.08644733222074,0.08943684214320108
3613,3617,4,67.11367657740091,0.059600370654509995
3617,3623,6,67.13180736095268,0.08937641091262961
3623,3631,8,67.15897055709854,0.11912034883260163
3631,3637,6,67.19512678033111,0.08929218959009805
3637,3643,6,67.22219807621632,0.08925623040765818
3643,3659,16,67.24923018768092,0.23792093909992396
3659,3671,12,67.32112516097207,0.17825014022428629
3671,3673,2,67.37486544761315,0.029684660395427224
3673,3677,4,67.38380715994167,0.05936144258672758
3677,3691,14,67.40167776472866,0.20770996307937914
3691,3697,6,67.464090725992,0.08893620199180081
3697,3701,4,67.49077551203513,0.05926735868202773
3701,3709,8,67.50854424617141,0.11850351817434875
3709,3719,10,67.54403117150537,0.14805157208648623
3719,3727,8,67.58829540845545,0.11836368932895416
3727,3733,6,67.62363158964472,0.0887263795060481
3733,3739,6,67.65009002920253,0.08869167797722041
3739,3761,22,67.67651113919703,0.3250758591079024
3761,3767,6,67.77307096279509,0.08853073816433342
3767,3769,2,67.7993193334427,0.02949882122213991
3769,3779,10,67.80806062834057,0.14747509230223393
3779,3793,14,67.85170606907701,0.2063323210435885
3793,3797,4,67.9126395197654,0.058899197973829795
3797,3803,6,67.93001277997924,0.08832620154854966
3803,3821,18,67.9560425412842,0.26487710771363354
3821,3823,2,68.03391588461218,0.029397102518574227
3823,3833,10,68.04254856831581,0.14696686426963917
3833,3847,14,68.08565254737164,0.20562335053276143
3847,3851,4,68.14583238683187,0.05869764679509496
3851,3853,2,68.16299127331935,0.02934143532493194
3853,3863,10,68.17156484333461,0.14668872605434607
3863,3877,14,68.21437411226711,0.20523533613251105
3877,3881,4,68.27414374546157,0.05858733307462233
3881,3889,8,68.29118593832936,0.11714542499268402
3889,3907,18,68.32522405684976,0.26344589788718675
3907,3911,4,68.40158534793568,0.05847817677987076
3911,3917,6,68.4185125159206,0.0876955633696923
3917,3919,2,68.44387475344999,0.029221022439253234
3919,3923,4,68.45232124323623,0.058434833579807055
3923,3929,6,68.46920286035383,0.08763063902229566
3929,3931,2,68.49449693379316,0.029199426078465863
3931,3943,12,68.50292074534644,0.17517501253134796
3943,3947,4,68.5533846287414,0.05834868725537699
3947,3967,20,68.57017591860534,0.2916719948879895
3967,3989,22,68.65390860379102,0.32044788778107786
3989,4001,12,68.7455869038238,0.17455665942292695
4001,4003,2,68.79540600148928,0.029071708653870057
4003,4007,4,68.80369640594361,0.05813641139859543
4007,4013,6,68.82026629243424,0.08718362080298446
4013,4019,6,68.84509386686307,0.08715217981404999
4019,4021,2,68.86988881584473,0.029040267588465524
4021,4027,6,68.87814656442372,0.08711035791864735
4027,4049,22,68.90289815380231,0.3192899078191526
4049,4051,2,68.99337733944851,0.028988289559445223
4051,4057,6,69.00158126270622,0.08695452901516132
4057,4073,16,69.02617167386447,0.23179613778375188
4073,4079,6,69.09159004780129,0.08684124935971044
4079,4091,12,69.11606366691187,0.17362099869910264
4091,4093,2,69.16491604531937,0.02891639452998869
4093,4099,6,69.17304584909532,0.08673898808922365
4099,4111,12,69.19741430823349,0.1734168844307839
4111,4127,16,69.24605722689002,0.23106008689526933
4127,4129,2,69.3107204890347,0.028855564996130866
4129,4133,4,69.31878788093458,0.057704413511537454
4133,4139,6,69.33491235504883,0.08653649072598982
4139,4153,14,69.35907333845367,0.20184814078590346
4153,4157,4,69.41532933505722,0.05762415936532706
4157,4159,2,69.43137182504026,0.028805422497481244
4159,4177,18,69.43938797665174,0.25921887453922127
4177,4201,24,69.5113810859231,0.34526720121318794
4201,4211,10,69.60694836439625,0.14366381855514543
4211,4217,6,69.6466263034374,0.08614918364974515
4217,4219,2,69.67039327662472,0.028706598397672957
4219,4229,10,69.67830898690383,0.14351668611647161
4229,4231,2,69.71783806372228,0.028687062817008106
4231,4241,10,69.72573400452572,0.143419071061352
4241,4243,2,69.76516449502908,0.02866760244136605
4243,4253,10,69.77304077061801,0.1433218316065004
4253,4259,6,69.81237319400863,0.08594465028893941
4259,4261,2,69.83593358733532,0.02863855177791592
4261,4271,10,69.84378055875807,0.14317667113662633
4271,4273,2,69.88296684586335,0.028619277204004225
4273,4283,10,69.89079440907115,0.14308035964607804
4283,4289,6,69.92988390890214,0.08580022823741874
4289,4297,8,69.9532990567235,0.11436201162597046
4297,4327,30,69.98447443265562,0.42866650415255003
4327,4337,10,70.1009287668982,0.14265146234013976
4337,4339,2,70.13958891306858,0.028514566894294345
4339,4349,10,70.14731152147168,0.14255713844341789
4349,4357,8,70.18587760755996,0.11398304434877214
4357,4363,6,70.21667429022524,0.08544978896608396
4363,4373,10,70.23973913909354,0.14236954924045653
4373,4391,18,70.2781185508303,0.25612524027633266
4391,4397,6,70.34700712391513,0.08529147500804257
4397,4409,12,70.36991471514835,0.17052741997166
4409,4421,12,70.41564741923534,0.17041666788285437
4421,4423,2,70.4612706166429,0.028384387373332456
4423,4441,18,70.46886387533034,0.25543195973536076
4441,4447,6,70.53706743252738,0.08506165932882499
4447,4451,4,70.55974784080497,0.056689544994189794
4451,4457,6,70.57485314104437,0.08501611739820351
4457,4463,6,70.59748868363485,0.08498885883728122
4463,4481,18,70.62009739687097,0.25488495008500994
4481,4483,2,70.68776323143423,0.028293440173682245
4483,4493,10,70.69526686799738,0.14145218545779112
4493,4507,14,70.7327408666859,0.1979281423066386
4507,4513,6,70.7850811935794,0.08476362389966761
4513,4517,4,70.80746891895129,0.05649121570181446
4517,4519,2,70.8223795030809,0.028239661164067446
4519,4523,4,70.82983043252753,0.05647338099743721
4523,4547,24,70.8447235781829,0.3387690541768302
4547,4549,2,70.93383948393688,0.028195287532023477
4549,4561,12,70.94124708549046,0.16915406047963805
4561,4567,6,70.98563251590615,0.08452414646943586
4567,4583,16,71.00778665010898,0.22532740076577845
4583,4591,8,71.06673917672327,0.11257024161621118
4591,4597,6,71.0961474461855,0.08439275847599977
4597,4603,6,71.11817402181114,0.08436662052318536
4603,4621,18,71.14017527198209,0.2530215863424944
4621,4637,16,71.20602768410353,0.2247000783554724
4637,4639,2,71.26437361143537,0.028064513846776756
4639,4643,4,71.27165436919766,0.05612329383122512
4643,4649,6,71.28620758715763,0.08416775422740981
4649,4651,2,71.30801670350303,0.02804733734659808
4651,4657,6,71.31528089499176,0.08413344131441766
4657,4663,6,71.3370569585221,0.08410775907798683
4663,4673,10,71.35880830192161,0.14013686940636186
4673,4679,6,71.39500576829158,0.08403949177443389
4679,4691,12,71.4166914807198,0.1680279462853528
4691,4703,12,71.45998945294869,0.16792613729534825
4703,4721,18,71.50318987740106,0.2517370208358913
4721,4723,2,71.56780862585478,0.027945525207508932
4723,4729,6,71.57497507043055,0.08382818148516202
4729,4733,4,71.59645835962066,0.055868685290387785
4733,4751,18,71.6107672030624,0.2513588487183564
4751,4759,8,71.67502532508536,0.11161488905955225
4759,4783,24,71.70351560014191,0.3347116218657555
4783,4787,4,71.78873371864911,0.055719049393970425
4787,4789,2,71.8029000579761,0.02785402815743002
4789,4793,4,71.8099793129202,0.05570256443842634
4793,4799,6,71.82413000353515,0.08353738499449535
4799,4801,2,71.84533652169846,0.02783757578191547
4801,4813,12,71.85240016444665,0.16700903480657464
4813,4817,4,71.89472759739829,0.05563690320101792
4817,4831,14,71.90881605717088,0.19469100963739056
4831,4861,30,71.95804453600104,0.41690960605510646
4861,4871,10,72.06311178171804,0.13876725210382793
4871,4877,6,72.09800709607663,0.0832200533921069
4877,4889,12,72.11891395972161,0.16639185674235188
4889,4903,14,72.16065969922803,0.19401153008236385
4903,4909,6,72.2092489558775,0.08309184885257871
4909,4919,10,72.23003545835715,0.1384465608599252
4919,4931,12,72.26462986604436,0.1660563407332769
4931,4933,2,72.30606133658772,0.027660198371059336
4933,4937,4,72.31295793022946,0.05531512075414431
4937,4943,6,72.32674371881762,0.08295686618114606
4943,4951,8,72.34740393291803,0.11057756830387115
4951,4957,6,72.37491648804446,0.08290165006257567
4957,4967,10,72.3955251714519,0.13813008437078583
4967,4969,2,72.42982410952806,0.027612934652106968
4969,4973,4,72.43667658353635,0.055220644964116605
4973,4987,14,72.45037423259595,0.19323571683776478
4987,4993,6,72.49823955670996,0.0827606302813277
4993,4999,6,72.51871697242287,0.08273726081339328
4999,5003,4,72.5391726819054,0.05514261952697709
5003,5009,6,72.5527977865573,0.08269839596884146
5009,5011,2,72.57321742693809,0.027558375815616383
5011,5021,10,72.58001917646885,0.1377789660772382
5021,5023,2,72.61399202498376,0.027542901088703053
5023,5039,16,72.6207794273195,0.22032261463143832
5039,5051,12,72.67499293537847,0.16511869510149416
5051,5059,8,72.71555344080777,0.11001772827751624
5059,5077,18,72.74254654735049,0.24744803219506778
5077,5081,4,72.8031435326622,0.05494268249839309
5081,5087,6,72.81658376898322,0.08239881204857823
5087,5099,12,72.83672661976695,0.16475204964446266
5099,5101,2,72.87694947740738,0.02744351971839904
5101,5107,6,72.8836451604732,0.08232299560195386
5107,5113,6,72.90371831243752,0.08230032896657327
5113,5119,6,72.92377065410146,0.08227769828935116
5119,5147,28,72.94380223104353,0.38385714952604594
5147,5153,6,73.03700969832725,0.08215013216973772
5153,5167,14,73.05692446211147,0.1916313902217528
5167,5171,4,73.10331273596978,0.05471708258211175
5171,5179,8,73.116546142628,0.10941435861035406
5179,5189,10,73.14298585979886,0.13671850940250227
5189,5197,8,73.17598483520477,0.10932548455639263
5197,5209,12,73.20234360505381,0.16392917779713725
5209,5227,18,73.24181465078658,0.24576125108072658
5227,5231,4,73.30087090850927,0.054569610843950456
5231,5233,2,73.31397012545868,0.027279930367670662
5233,5237,4,73.32051641672712,0.054554989455686
5237,5261,24,73.33360237274154,0.3272715266053931
5261,5273,12,73.41193322589632,0.16346116322907236
5273,5279,6,73.4509803613924,0.08168713297601872
5279,5281,2,73.47047450303582,0.027221819561235577
5281,5297,16,73.47696820111254,0.2177553101566014
5297,5303,6,73.5288397223251,0.08160063483469136
5303,5309,6,73.54825586463878,0.0815790929297174
5309,5323,14,73.56765261010902,0.1903010290976206
5323,5333,10,73.61283648037004,0.1358458725152732
5333,5347,14,73.64504644017035,0.19010104109817733
5347,5351,4,73.69005085584296,0.05428141185334568
5351,5381,30,73.70289013830576,0.4070396689153447
5381,5387,6,73.79891536931042,0.08130200789502558
5387,5393,6,73.81806363291788,0.08128091831068303
5393,5399,6,73.83719306088732,0.08125986039383032
5399,5407,8,73.85630369235106,0.10831844541427438
5407,5413,6,73.88175536269719,0.08121084793593565
5413,5417,4,73.90082228713163,0.05412659664947356
5417,5419,2,73.91352319716988,0.02705864791027279
5419,5431,12,73.91987054460675,0.16233794663856496
5431,5437,6,73.9579112129475,0.08112722360051734
5437,5441,4,73.97690370064284,0.05407093024853433
5441,5443,2,73.98955507158527,0.027030842367750284
5443,5449,6,73.99587767503935,0.08108559812412292
5449,5471,22,74.01483317424976,0.2972377165021287
5471,5477,6,74.08417921857102,0.08098895153171856
5477,5479,2,74.10304900067088,0.026989442768837937
5479,5483,4,74.10933486808875,0.05397430711151056
5483,5501,18,74.12190052130615,0.24284320657463374
5501,5503,2,74.17834588706877,0.026962046350357514
5503,5507,4,74.18460751340086,0.0539195411834919
5507,5519,12,74.19712473390894,0.16173133450973018
5519,5521,2,74.234628236297,0.026941604578846676
5521,5527,6,74.240871811092,0.08081801645954764
5527,5531,4,74.25959054725611,0.05386509635350797
5531,5557,26,74.27205972802194,0.3500643458012316
5557,5563,6,74.35291564410318,0.08069623024226154
5563,5569,6,74.37152719966835,0.08067603592288147
5569,5573,4,74.39012101777539,0.0537705806264814
5573,5581,8,74.40250706000283,0.10752325850455953
5581,5591,10,74.42725558429437,0.13435938113658188
5591,5623,32,74.4581471727303,0.42977163970741056
5623,5639,16,74.55667304914441,0.21460185045346
5639,5641,2,74.60575021271124,0.026807585129801997
5641,5647,6,74.61187619811503,0.08041615230353344
5647,5651,4,74.63024263819705,0.0535975746372923
5651,5653,2,74.64247734751285,0.0267943947075685
5653,5657,4,74.64859183075296,0.05358439994513227
5657,5659,2,74.66081506072469,0.026787813639233892
5659,5669,10,74.66692380998322,0.13392811019573525
5669,5683,14,74.69743894942727,0.18742275768622377
5683,5689,6,74.74008027403684,0.08027821187776106
5689,5693,4,74.75832669603182,0.05350574547052189
5693,5701,8,74.77048152513434,0.106994094953244
5701,5711,10,74.7947685426496,0.13369919039588687
5711,5717,6,74.82508496522807,0.08018701218699928
5717,5737,20,74.84325229159803,0.2672251590841839
5737,5741,4,74.90368850170445,0.05340190957230336
5741,5743,2,74.91575337788184,0.0266966547064116
5743,5749,6,74.92178302813126,0.08008351853755469
5749,5779,30,74.93986084203264,0.4003209995710781
5779,5783,4,75.03000036096698,0.05331200827343896
5783,5791,8,75.04198767422466,0.10660698427565547
5791,5801,10,75.06594031412061,0.13321620908436027
5801,5807,6,75.09583998658712,0.07989790114967302
5807,5813,6,75.11375791198797,0.07987884199629978
5813,5821,8,75.13165946755457,0.10647974577820661
5821,5827,6,75.15550279868414,0.07983447354576212
5827,5839,12,75.17336628060175,0.15963100488552368
5839,5843,4,75.20904448086652,0.05318509266551865
5843,5849,6,75.22092279974939,0.07976504111725667
5849,5851,2,75.23872679614085,0.026582055347892784
5851,5857,6,75.24465787101956,0.07973988014251969
5857,5861,4,75.26244033995434,0.05314735985084093
5861,5867,6,75.27428636760173,0.0797084939563428
5867,5869,2,75.29204200444282,0.026563232272037253
5869,5879,10,75.29795698004523,0.13280572808436367
5879,5881,2,75.32750513409853,0.026550726675994202
5881,5897,16,75.333409428051,0.2123891659952174
5897,5903,6,75.3805799270841,0.07959609763952229
5903,5923,20,75.3982396726751,0.2652581822443814
5923,5927,4,75.45699100327367,0.05301033008096575
5927,5939,12,75.46872019988324,0.1590062739664501
5939,5953,14,75.50386581006404,0.18542096950662249
5953,5981,28,75.54478968579767,0.37064104773414924
5981,5987,6,75.62638256580706,0.07933739253995177
5987,6007,20,75.64382276324545,0.26439700254966214
6007,6011,4,75.70184524979274,0.05283887052952585
6011,6029,18,75.71342922568256,0.23773853838196338
6029,6037,8,75.76547283441444,0.10558899325401179
6037,6043,6,75.78855919472394,0.07916762191750035
6043,6047,4,75.80585620111503,0.05276637189332562
6047,6053,6,75.81737909544225,0.07913752851370576
6053,6067,14,75.83465079291358,0.18461217733079138
6067,6073,6,75.87489256056969,0.07907754195777342
6073,6079,6,75.89211387418656,0.07905959781205672
6079,6089,10,75.90932013313939,0.13173612914014685
6089,6091,2,75.93796385199991,0.026337287682586814
6091,6101,10,75.94368759809221,0.1316765134308702
6101,6113,12,75.9722813963711,0.15795234497950977
6113,6121,8,76.00653923788565,0.10525410155778255
6121,6131,10,76.02934473885196,0.13152816237399284
6131,6133,2,76.05781453607922,0.026295785807141075
6133,6143,10,76.06350356171784,0.13146909531830875
6143,6151,8,76.09192407599829,0.10513599303928553
6151,6163,12,76.11463101065003,0.1576569424388453
6163,6173,10,76.14864243392279,0.13132210477261494
6173,6197,24,76.1769405256812,0.3150559714577797
6197,6199,2,76.24469069304072,0.026231334691250194
6199,6203,4,76.25032604767196,0.05245879207780943
6203,6211,8,76.2615919287868,0.10490208501640529
6211,6217,6,76.2841044055846,0.07865334523820866
6217,6221,4,76.30097191891323,0.052423971797513805
6221,6229,8,76.31220892119727,0.10483250469477418
6229,6247,18,76.334663744567,0.23580375044595808
6247,6257,10,76.38509386914328,0.13091559482968215
6257,6263,6,76.41305502792521,0.07852061402082793
6263,6269,6,76.42981273275299,0.07850339789500464
6269,6271,2,76.4465562259383,0.02616206796927499
6271,6277,6,76.45213423658903,0.07848047748977655
6277,6287,10,76.46885882047337,0.13077218823779088
6287,6299,12,76.49670168965542,0.15686950855323933
6299,6301,2,76.53006140507082,0.0261335214330232
6301,6311,10,76.53561588441892,0.13065812412225972
6311,6317,6,76.5633648801667,0.07836646168034687
6317,6323,6,76.57999559010915,0.07834944300747573
6323,6329,6,76.59661231485306,0.07833244602694424
6329,6337,8,76.61321507921765,0.10442062758661208
6337,6343,6,76.6353304249965,0.07829287049100989
6343,6353,10,76.65190071128457,0.1304599091112664
6353,6359,6,76.6794870269183,0.07824778480708541
6359,6361,2,76.69602035932846,0.02607697232046463
6361,6367,6,76.7015283994015,0.07822529909386809
6367,6373,6,76.71804332006857,0.07820845970964001
6373,6379,6,76.73454446032345,0.07819164161588754
6379,6389,10,76.75103184443181,0.13029140794183977
6389,6397,8,76.77848031443149,0.1041958627891245
6397,6421,24,76.80041170155752,0.31249832479105416
6421,6427,6,76.86606038575913,0.07805785765380024
6427,6449,22,76.88243858647635,0.28615117320003697
6449,6451,2,76.94237632064842,0.025993478439829208
6451,6469,18,76.94781621861311,0.2339247672586442
6469,6473,4,76.99670817138302,0.05195027287525858
6473,6481,8,77.00755667846596,0.10388590867001346
6481,6491,10,77.02923588462731,0.12982083860961283
6491,6521,30,77.05630157296667,0.3893257188264116
6521,6529,8,77.13727753061043,0.10371120495956518
6529,6547,18,77.15881536268905,0.23328507462679485
6547,6551,4,77.20719010768856,0.051808646246817185
6551,6553,2,77.21792404309458,0.025900722206463608
6553,6563,10,77.22328883288831,0.1294946142690201
6563,6569,6,77.25009103590648,0.07766981138198466
6569,6571,2,77.26615499071362,0.025884554501778612
6571,6577,6,77.27150675276401,0.0776482852754179
6577,6581,4,77.28755338177587,0.05175477583358443
6581,6599,18,77.29824392837773,0.23286428106540516
6599,6607,8,77.34628023700105,0.10343095977578694
6607,6619,12,77.36759244118117,0.1551037019682759
6619,6637,18,77.39951790202468,0.23255958806856006
6637,6653,16,77.44731003586989,0.20659206875732114
6653,6659,6,77.48969558168814,0.07742964990325606
6659,6661,2,77.50556686980782,0.0258045980537057
6661,6673,12,77.51085448231139,0.15481702633969155
6673,6679,6,77.54255063554885,0.0773768718055212
6679,6689,10,77.55837976935935,0.12893513286040378
6689,6691,2,77.58473366897863,0.025778267262386405
6691,6701,10,77.59000025744353,0.128882587534734
6701,6703,2,77.61631228543243,0.025767779234924744
6703,6709,6,77.62157051361658,0.07729810103426682
6709,6719,10,77.63733685733513,0.1288040059691358
6719,6733,14,77.66358634059185,0.18026466017939638
6733,6737,4,77.70027749118965,0.05147986762921864
6737,6761,24,77.71074825383715,0.3088375873258297
6761,6763,2,77.77345732956849,0.025715714186716827
6763,6779,16,77.77867417312757,0.20571191486737864
6779,6781,2,77.82035974971869,0.025700215296257736
6781,6791,10,77.82556431162668,0.12849248300928875
6791,6793,2,77.8515667232697,0.02568991330783589
6793,6803,10,77.85676313126788,0.12844099340656923
6803,6823,20,77.88272484074427,0.2567963568416011
6823,6827,4,77.93454690498739,0.051325120358709904
6827,6829,2,77.94489515152783,0.02565915312493428
6829,6833,4,77.95006725881332,0.051314901201034505
6833,6841,8,77.96040744509837,0.10261619021980864
6841,6857,16,77.98107172511416,0.20517799571158146
6857,6863,6,78.02233607912603,0.0769010555376748
6863,6869,6,78.03778820132119,0.07688582849787148
6869,6871,2,78.05322834831931,0.0256235397602624
6871,6883,12,78.05837240621567,0.15373110699198309
6883,6899,16,78.0892088976534,0.20489386723036457
6899,6907,8,78.13025013886885,0.10239311900039723
6907,6911,4,78.15073911398154,0.051183137169900174
6911,6917,6,78.16097571018193,0.07676465071582247
6917,6947,30,78.17632075631647,0.3837479138154
6947,6949,2,78.25286935798829,0.02555816823598474
6949,6959,10,78.25796216695666,0.1277825249099364
6959,6961,2,78.28340672714837,0.025548198317056736
6961,6967,6,78.28849174715062,0.07663961670609622
6967,6971,4,78.30373903564363,0.05108312897011485
6971,6977,6,78.3138974253388,0.07661475417846686
6977,6983,6,78.32912531982794,0.0765998595733225
6983,6991,8,78.34434160289105,0.10211330947868717
6991,6997,6,78.36461195036318,0.07656517209324601
6997,7001,4,78.3798012126484,0.05103355632591866
7001,7013,12,78.38992097005469,0.15308090442627253
7013,7019,6,78.42024949887188,0.07651085068386977
7019,7027,8,78.43539650397287,0.10199476711505867
7027,7039,12,78.45557465359934,0.15295280230860522
7039,7043,4,78.48580370096398,0.05096463068965007
7043,7057,14,78.49586989120112,0.17835333272189532
7057,7069,12,78.53106166266386,0.15280577832433886
7069,7079,10,78.56117677615266,0.1272893356535809
7079,7103,24,78.58623807837523,0.30539698281605543
7103,7109,6,78.64625729384632,0.07629097946240693
7109,7121,12,78.66123398151481,0.1525529081176119
7121,7127,6,78.69115374176512,0.07624745240983188
7127,7129,2,78.70609684970472,0.025410992033046084
7129,7151,22,78.7110754052701,0.2795032323815384
7151,7159,8,78.76575787741507,0.1015669780318826
7159,7177,18,78.78560540772476,0.22846813078160516
7177,7187,10,78.83019049281565,0.12685495160526564
7187,7193,6,78.85491712708736,0.07608910412435076
7193,7207,14,78.86973845706625,0.17750787911666627
7207,7211,4,78.90427894063053,0.05069433563938523
7211,7213,2,78.91413671365184,0.02534400150960541
7213,7219,6,78.9190637805579,0.07602725770649764
7219,7229,10,78.9338377104146,0.12668837966154775
7229,7237,8,78.95843672833928,0.10131912853751686
7237,7243,6,78.97809420915192,0.0759704328153404
7243,7247,4,78.99282466811574,0.05063751064486923
7247,7253,6,79.00263895884582,0.07594683011950436
7253,7283,30,79.01735138450579,0.3796634470069391
7283,7297,14,79.09075188194981,0.1770118460992289
7297,7307,10,79.12491365296925,0.12638244439492968
7307,7309,2,79.14927931913778,0.02526870765223017
7309,7321,12,79.15414890039868,0.1516029186934958
7321,7331,10,79.18334157508617,0.1262891891284662
7331,7333,2,79.2076363774127,0.025250090666388468
7333,7349,16,79.21249180766631,0.20198834344018823
7349,7351,2,79.25129298802649,0.02523618132390806
7351,7369,18,79.25613786184303,0.2271117478797298
7369,7393,24,79.29968914995086,0.3026493578634018
7393,7411,18,79.35761086854016,0.22682134458178052
7411,7417,6,79.40094271532686,0.07556585343717603
7417,7433,16,79.4153659024672,0.20147234503270012
7433,7451,18,79.453777154538,0.22654681306075491
7451,7457,6,79.49690216755263,0.07547463909164694
7457,7459,2,79.51125661855423,0.025153671128539213
7459,7477,18,79.51603915682465,0.22636942421766879
7477,7481,4,79.55903084127274,0.05027713331476286
7481,7487,6,79.56857206822721,0.07540665672440638
7487,7489,2,79.58287541897793,0.025131034653757496
7489,7499,10,79.5876409409129,0.12564764933068132
7499,7507,8,79.61145161366616,0.10048805589957004
7507,7517,10,79.63047986140235,0.1255800544892496
7517,7523,6,79.6542398670394,0.07532555718333804
7523,7529,6,79.66848240184396,0.07531209104418848
7529,7537,8,79.68271485366081,0.10039818566287793
7537,7541,4,79.70167579744601,0.05018715052071938
7541,7547,6,79.71114956850366,0.07527177857149843
7547,7549,2,79.72535186153,0.025086123213023573
7549,7559,10,79.73008373113782,0.12542317193246086
7559,7561,2,79.75372639353739,0.02507719815035582
7561,7573,12,79.75845159275033,0.1504542748807669
7573,7577,4,79.78677950137721,0.050133618940352835
7577,7583,6,79.7962132796511,0.07519153796148953
7583,7589,6,79.81035565780425,0.07517821403685589
7589,7591,2,79.82448810195369,0.02505496806250174
7591,7603,12,79.82919671165772,0.15032094138869873
7603,7607,4,79.85742525531704,0.05008926830800463
7607,7621,14,79.86682597734324,0.17529180393335705
7621,7639,18,79.89969396905703,0.22528246487365658
7639,7643,4,79.94187411016986,0.0500363550957975
7643,7649,6,79.9512354858365,0.07504574461595294
7649,7669,20,79.96526939370384,0.2501085802829137
7669,7673,4,80.01197857733467,0.04999251450998484
7673,7681,8,80.02130742878316,0.09997337280598405
7681,7687,6,80.03995218021969,0.07496256352690304
7687,7691,4,80.05392442785465,0.049966319934818905
7691,7699,8,80.06323387894894,0.09992102007889846
7699,7703,4,80.081839886418,0.04994890234381848
7703,7717,14,80.09113645116231,0.17480086586780885
7717,7723,6,80.12364069427286,0.07488426571745725
7723,7727,4,80.13755505181398,0.04991417566225658
7727,7741,14,80.14682595642836,0.174679406613196
7741,7753,12,80.17924058510795,0.14966467520058818
7753,7757,4,80.20698313042742,0.04987096938299572
7757,7759,2,80.21622216923171,0.024932612704954008
7759,7789,30,80.22084010163147,0.37396766179453017
7789,7793,4,80.28998249448576,0.04981941552017048
7793,7817,24,80.29918359797871,0.2988822416944738
7817,7823,6,80.35430226988444,0.07466930619157038
7823,7829,6,80.36805844410398,0.0746565254425426
7829,7841,12,80.38180524783786,0.14928751553913105
7841,7853,12,80.4092707976456,0.14923652311433921
7853,7867,14,80.43669902660695,0.17404990718688074
7867,7873,6,80.46865160015483,0.07456319797445761
7873,7877,4,80.48233009627164,0.04970035031559431
7877,7879,2,80.4914439488424,0.024847361432242802
7879,7883,4,80.49599933314482,0.04969191056869047
7883,7901,18,80.50510702022896,0.22358829975192804
7901,7907,6,80.54604086359574,0.0744915570730654
7907,7919,12,80.55966706490906,0.14895791451485618
7919,7927,8,80.58689192634236,0.09927172780546148
7927,7933,6,80.60502147491995,0.07443704982904675
7933,7937,4,80.61860796975687,0.04961633673333275
7937,7949,12,80.62766056085084,0.14883229795491126
7949,7951,2,80.65479403003683,0.024797038093670856
7951,7963,12,80.65931273556994,0.1487738934664654
7963,7993,30,80.68640377613725,0.37180985390344545
7993,8009,16,80.75397298033697,0.1981326665363683
8009,8011,2,80.78991778446846,0.024755564244236576
8011,8017,6,80.7944063967426,0.07426256677395308
8017,8039,22,80.80786626044264,0.272250722833026
8039,8053,14,80.85714261787919,0.17314487683743984
8053,8059,6,80.88843793266953,0.07417623770895812
8059,8069,10,80.90183540950295,0.12360659000358566
8069,8081,12,80.92414484886507,0.14828701646969947
8081,8087,6,80.95088376015485,0.07411901786986151
8087,8089,2,80.96423998344439,0.024702263621679908
8089,8093,4,80.96869010055559,0.04940181192300841
8093,8101,8,80.97758740152166,0.09879276793383043
8101,8111,10,80.99537028310593,0.12346384694639524
8111,8117,6,81.01757694670923,0.07405800353603031
8117,8123,6,81.03088926603716,0.07404583677097576
8123,8147,24,81.04419284107338,0.2961347279633433
8147,8161,14,81.0973199400523,0.1726320920389095
8161,8167,6,81.12824653318036,0.07395697868985841
8167,8171,4,81.14148635169362,0.04929660744274141
8171,8179,8,81.15030809431215,0.09858249694754667
8179,8191,12,81.16794006807606,0.14784162305875354
8191,8209,18,81.1943593027786,0.22169027694247737
8209,8219,10,81.233923708655,0.1231012801482413
8219,8221,2,81.25587061935025,0.024613606189381233
8221,8231,10,81.26025715245251,0.12306138757645059
8231,8233,2,81.28217559659132,0.024605640601035695
8233,8237,4,81.28655644416878,0.04920862901539417
8237,8243,6,81.29531530152434,0.07380499082568287
8243,8263,20,81.3084464995171,0.24597690475021905
8263,8269,6,81.35215586934139,0.07375342344505928
8269,8273,4,81.36525033775452,0.04916103598766842
8273,8287,14,81.37397529081582,0.17204517721994705
8287,8291,4,81.40448311703577,0.04913734289362385
8291,8293,2,81.4131912215208,0.024566043536582545
8293,8297,4,81.41754387299696,0.04912946042980111
8297,8311,14,81.42624637652767,0.17193473386040437
8311,8317,6,81.45667578920293,0.07365878783866722
8317,8329,12,81.46970301525023,0.14729401919820098
8329,8353,24,81.4957324162343,0.29449394819131774
8353,8363,10,81.54769132909382,0.12262762853265834
8363,8369,6,81.56930170320581,0.07355708427946724
8369,8377,8,81.5822569001575,0.09806053796465337
8377,8387,10,81.59951765371346,0.12254974401242574
8387,8389,2,81.62107299306466,0.024503475961041826
8389,8419,30,81.62538131801827,0.3675327393953343
8419,8423,4,81.68989681824472,0.04896566351283033
8423,8429,6,81.69848343171748,0.07344077573991592
8429,8431,2,81.71135655456739,0.024476401865441883
8431,8443,12,81.7156457845016,0.14685070263834285
8443,8447,4,81.74136217661818,0.048934834133999607
8447,8461,14,81.74992708363557,0.17125397537880463
8461,8467,6,81.77987587802104,0.0733676828875274
8467,8501,34,81.79269758520915,0.41568503061755396
8501,8513,12,81.86520164275467,0.14658242768845653
8513,8521,8,81.89072973740987,0.09769115534386777
8521,8527,6,81.90773069079766,0.07325315876043555
8527,8537,10,81.92047209103929,0.1220696090335865
8537,8539,2,81.94169004683881,0.024407600073378728
8539,8543,4,81.9459309848111,0.04881267381953853
8543,8563,20,81.95441021067596,0.24403811763866076
8563,8573,10,81.99675343910887,0.12195604802117002
8573,8581,8,82.01789207232511,0.09753969283855078
8581,8597,16,82.03478719188458,0.19503920894650442
8597,8599,2,82.06853543649319,0.024369875608998202
8599,8609,10,82.07275003753116,0.12184312083398065
8609,8623,14,82.09380997091428,0.1705366093370521
8623,8627,4,82.12325734564847,0.04870727403279202
8627,8629,2,82.13166306889711,0.024351144555812495
8629,8641,12,82.1358646303442,0.14609939341366268
8641,8647,6,82.16105582026758,0.07302729912728208
8647,8663,16,82.17363974579466,0.19470964228305124
8663,8669,6,82.20715894023876,0.07298634422291317
8669,8677,8,82.21971443929887,0.0973002649614678
8677,8681,4,82.23644308326018,0.04864023600765666
8681,8689,8,82.2448022598728,0.09727058464706403
8689,8693,4,82.26151033718105,0.0486254140436327
8693,8699,6,82.26985924379252,0.0729307191619234
8699,8707,8,82.28237619696063,0.0972261664010562
8707,8713,6,82.29905352405413,0.0729048481492723
8713,8719,6,82.31155257439067,0.07289377751169719
8719,8731,12,82.32404396860152,0.1457654340277163
8731,8737,6,82.34900382815263,0.07286062637164266
8737,8741,4,82.36147231319768,0.04856639746299237
8741,8747,6,82.36978040444644,0.07284224834082612
8747,8753,6,82.38223620041231,0.07283123494491851
8753,8761,8,82.39468439599115,0.09709364212807439
8761,8779,18,82.41127018415887,0.21841672819477995
8779,8783,4,82.44853898813324,0.048515110747756454
8783,8803,20,82.4568117094237,0.2425512166354386
8803,8807,4,82.498125092788,0.048485950383734
8807,8819,12,82.50637774482783,0.14544330181495888
8819,8821,2,82.53111570290295,0.02423328441602119
8821,8831,10,82.53523578325739,0.12116037356772828
8831,8837,6,82.5558237234371,0.07267809500756803
8837,8839,2,82.56816653097675,0.02422241020998896
8839,8849,10,82.57227914284285,0.12110601891829668
8849,8861,12,82.59282978813991,0.14529106256295343
8861,8863,2,82.61746329791723,0.024207957012526912
8863,8867,4,82.62156599608196,0.04841350986000055
8867,8887,20,82.62976892115564,0.24204351846952113
8887,8893,6,82.67073421191694,0.07257707406613433
8893,8923,30,82.68300779925109,0.3628315030923649
8923,8929,6,82.74426540279752,0.0725125780112025
8929,8933,4,82.7564949218626,0.04833457487266393
8933,8941,8,82.76464387161218,0.09665963176752043
8941,8951,10,82.78093203229024,0.12080076600368929
8951,8963,12,82.80127400093598,0.14492530634087047
8963,8969,6,82.8256576787708,0.07244132033663128
8969,8971,2,82.83783862261429,0.024143556051859746
8971,8999,28,82.84189732539534,0.33799322449145003
8999,9001,2,82.89863475503765,0.024125849670623947
9001,9007,6,82.90268141276547,0.07237401610843569
9007,9011,4,82.91481658533338,0.04824228243794428
9011,9013,2,82.92290270319918,0.024118789077590255
9013,9029,16,82.92694456397713,0.19294090821899504
9029,9041,12,82.95925073833799,0.14464932955878826
9041,9043,2,82.98344694151643,0.024101192149917846
9043,9049,6,82.9874768621972,0.07230006534555992
9049,9059,10,82.9995618653752,0.1204825637058174
9059,9067,8,83.01968769418393,0.09636268483048573
9067,9091,24,83.03577412201454,0.2890320497853598
9091,9103,12,83.08395770399689,0.14443221449262666
9103,9109,6,83.10800704177102,0.0721952097465691
9109,9127,18,83.12002112798865,0.21655432416557624
9127,9133,6,83.15602116050158,0.07215352437821965
9133,9137,4,83.16800712490179,0.04809541719561461
9137,9151,14,83.17599387353064,0.16831779637387975
9151,9157,6,83.20392299989074,0.0721119844314057
9157,9161,4,83.21588098087489,0.04806774804101757
9161,9173,12,83.22384909302912,0.1441894376524953
9173,9181,8,83.24773485660691,0.09609871083915845
9181,9187,6,83.26364324691428,0.07206026263116173
9187,9199,12,83.27556644167444,0.14409989043310448
9199,9203,4,83.29939204468558,0.04801955814820615
9203,9209,6,83.30732776260574,0.07202247582706917
9209,9221,12,83.31922558271572,0.14402438232082365
9221,9227,6,83.34300052951501,0.07199164851132478
9227,9239,12,83.35487767305052,0.1439627810032732
9239,9241,2,83.3786113423911,0.02398696701468289
9241,9257,16,83.38256428489949,0.19188663885811422
9257,9277,20,83.41416042760007,0.23976744353087565
9277,9281,4,83.45358728826616,0.04793083353245394
9281,9283,2,83.46146357595198,0.023963155141413867
9283,9293,10,83.46540058622965,0.11981012407253488
9293,9311,18,83.48507431418197,0.215607402255642
9311,9319,8,83.5204395620161,0.09578493650119971
9319,9323,4,83.53613790963195,0.04788346816233156
9323,9337,14,83.54398258322088,0.16757640187974213
9337,9341,4,83.57141535582234,0.04786325543212574
9341,9343,2,83.5792465622264,0.023929385370936078
9343,9349,6,83.58316104549345,0.07178479402967616
9349,9371,22,83.59490001915374,0.2631739495466737
9371,9377,6,83.63788559392957,0.0717378249987166
9377,9391,14,83.64959333291765,0.16736483038574132
9391,9397,6,83.67688546406029,0.07170438964983986
9397,9403,6,83.68857099958498,0.07169437747992799
9403,9413,10,83.70024989136533,0.11947395632604459
9413,9419,6,83.7196999687257,0.07166771981076565
9419,9421,2,83.73136118271186,0.023885912897507546
9421,9431,10,83.7352467837294,0.11942402254844851
9431,9433,2,83.75466377465898,0.023879267253474726
9433,9437,4,83.7585449720597,0.04775632147543067
9437,9439,2,83.76630516841149,0.02387594864043503
9439,9461,22,83.7701841679457,0.2626232736446365
9461,9463,2,83.81280491217863,0.0238627021502938
9463,9467,4,83.81667514641438,0.04772320058046489
9467,9473,6,83.82441342950162,0.07157819249216872
9473,9479,6,83.836015395004,0.07156828687205899
9479,9491,12,83.84761081647434,0.14311677915624335
9491,9497,6,83.87078205840265,0.07153861991917465
9497,9511,14,83.88235789436727,0.16690041090201763
9511,9521,10,83.90934286321682,0.11917624019891689
9521,9533,12,83.92859618515125,0.14297868122954563
9533,9539,6,83.95167640641215,0.07146968657247356
9539,9547,8,83.96320681284098,0.09527982914983797
9547,9551,4,83.9785706416231,0.04763119888131845
9551,9587,36,83.98624825546999,0.4286416020214992
9587,9601,14,84.05521816852445,0.16655717878134638
9601,9613,12,84.08197750219145,0.14271786126446945
9613,9619,6,84.10488641846256,0.07133949352415855
9619,9623,4,84.11633132350288,0.047553191360859594
9623,9629,6,84.12395772707747,0.07132332051549145
9629,9631,2,84.13539203827413,0.02377120913741244
9631,9643,12,84.1392020646635,0.14262079631772168
9643,9649,6,84.1620474301357,0.07129104130909718
9649,9661,12,84.17346061551586,0.14256274973430302
9661,9677,16,84.19626802850284,0.1900321757085901
9677,9679,2,84.22663867919174,0.023745456679302362
9679,9689,10,84.23043186397155,0.11872193670037881
9689,9697,8,84.24938731832998,0.09495618015324671
9697,9719,22,84.26453913459392,0.26108254107768725
9719,9721,2,84.30614926949002,0.023723061927628453
9721,9733,12,84.30992784600218,0.14233199228824886
9733,9739,6,84.33258476824481,0.07114687657788099
9739,9743,4,84.34390389627833,0.047424885678981475
9743,9749,6,84.35144652982213,0.0711309674799557
9749,9767,18,84.36275530774058,0.21336429724632802
9767,9769,2,84.39664446710843,0.02369762462273547
9769,9781,12,84.40040649292439,0.14217941001274687
9781,9787,6,84.42296424478197,0.0710707098912468
9787,9791,4,84.43423387346347,0.04737414928161201
9791,9803,12,84.44174353916355,0.142109808455512
9803,9811,8,84.46425614291594,0.09471462089790704
9811,9817,6,84.47925090522348,0.07102335704575963
9817,9829,12,84.49048982772956,0.14202781904173115
9829,9833,4,84.51294931947834,0.047330024951313464
9833,9839,6,84.52043038634315,0.07098875351881175
9839,9851,12,84.53164690278304,0.14195866802170304
9851,9857,6,84.55406165937522,0.07096051783024819
9857,9859,2,84.56525991346193,0.02365037371193156
9859,9871,12,84.5689913148065,0.14189598117979466
9871,9883,12,84.59136556567526,0.14185844997009073
9883,9887,4,84.61371558705295,0.0472736597400062
9887,9901,14,84.62116021939744,0.1654432527715547
9901,9907,6,84.64719530956744,0.07088244303969085
9907,9923,16,84.65834316202756,0.18899495787884257
9923,9929,6,84.68804137511822,0.07084825558101561
9929,9931,2,84.69916720194557,0.023612983056037172
9931,9941,10,84.70287447919956,0.11805974781240386
9941,9949,8,84.72140088913207,0.09442714492491622
9949,9967,18,84.73621006054569,0.2124239447001305
9967,9973,6,84.7694919254298,0.07078018121517222
